score,benchmark,occluder_type,metric,visibility
0.704303868286445,ImageNet-1K,,accuracy,
0.0030492665816326,ImageNet-Occluded,horizontal_bars_02,accuracy,0.1
0.016346460460134,ImageNet-Occluded,horizontal_bars_02,accuracy,0.2
0.0544563137774108,ImageNet-Occluded,horizontal_bars_02,accuracy,0.3
0.1287747130026014,ImageNet-Occluded,horizontal_bars_02,accuracy,0.4
0.2223692601736711,ImageNet-Occluded,horizontal_bars_02,accuracy,0.5
0.3147122130102041,ImageNet-Occluded,horizontal_bars_02,accuracy,0.6
0.4076809630710251,ImageNet-Occluded,horizontal_bars_02,accuracy,0.7
0.4846221301324513,ImageNet-Occluded,horizontal_bars_02,accuracy,0.8
0.5749162946428571,ImageNet-Occluded,horizontal_bars_02,accuracy,0.9
0.0018973214295217,ImageNet-Occluded,horizontal_bars_04,accuracy,0.1
0.0042490433682972,ImageNet-Occluded,horizontal_bars_04,accuracy,0.2
0.0096739477059822,ImageNet-Occluded,horizontal_bars_04,accuracy,0.3
0.0271882971948278,ImageNet-Occluded,horizontal_bars_04,accuracy,0.4
0.0596221301096434,ImageNet-Occluded,horizontal_bars_04,accuracy,0.5
0.1262117347166854,ImageNet-Occluded,horizontal_bars_04,accuracy,0.6
0.2259885204993948,ImageNet-Occluded,horizontal_bars_04,accuracy,0.7
0.3480349170918367,ImageNet-Occluded,horizontal_bars_04,accuracy,0.8
0.497185905673066,ImageNet-Occluded,horizontal_bars_04,accuracy,0.9
0.0015744579081632,ImageNet-Occluded,horizontal_bars_08,accuracy,0.1
0.0020727040816326,ImageNet-Occluded,horizontal_bars_08,accuracy,0.2
0.0034279336734693,ImageNet-Occluded,horizontal_bars_08,accuracy,0.3
0.0057597257653061,ImageNet-Occluded,horizontal_bars_08,accuracy,0.4
0.0124362244897959,ImageNet-Occluded,horizontal_bars_08,accuracy,0.5
0.0328762755178067,ImageNet-Occluded,horizontal_bars_08,accuracy,0.6
0.1059151785638259,ImageNet-Occluded,horizontal_bars_08,accuracy,0.7
0.2637794962038799,ImageNet-Occluded,horizontal_bars_08,accuracy,0.8
0.4347935268769459,ImageNet-Occluded,horizontal_bars_08,accuracy,0.9
0.0011957908163265,ImageNet-Occluded,horizontal_bars_16,accuracy,0.1
0.0016143176020408,ImageNet-Occluded,horizontal_bars_16,accuracy,0.2
0.0023118622448979,ImageNet-Occluded,horizontal_bars_16,accuracy,0.3
0.0039660395408163,ImageNet-Occluded,horizontal_bars_16,accuracy,0.4
0.0135363520417666,ImageNet-Occluded,horizontal_bars_16,accuracy,0.5
0.0474131058673469,ImageNet-Occluded,horizontal_bars_16,accuracy,0.6
0.1097975127703073,ImageNet-Occluded,horizontal_bars_16,accuracy,0.7
0.2242107780612245,ImageNet-Occluded,horizontal_bars_16,accuracy,0.8
0.3314094388363313,ImageNet-Occluded,horizontal_bars_16,accuracy,0.9
0.0016741071428571,ImageNet-Occluded,oblique_bars_02,accuracy,0.1
0.0064174107142857,ImageNet-Occluded,oblique_bars_02,accuracy,0.2
0.0525231186243496,ImageNet-Occluded,oblique_bars_02,accuracy,0.3
0.1516701211886746,ImageNet-Occluded,oblique_bars_02,accuracy,0.4
0.2604392538113253,ImageNet-Occluded,oblique_bars_02,accuracy,0.5
0.3645208865708234,ImageNet-Occluded,oblique_bars_02,accuracy,0.6
0.4434669962038799,ImageNet-Occluded,oblique_bars_02,accuracy,0.7
0.4788145727040816,ImageNet-Occluded,oblique_bars_02,accuracy,0.8
0.5593191966110346,ImageNet-Occluded,oblique_bars_02,accuracy,0.9
0.0012555803571428,ImageNet-Occluded,oblique_bars_04,accuracy,0.1
0.0027303890306122,ImageNet-Occluded,oblique_bars_04,accuracy,0.2
0.0050263073989095,ImageNet-Occluded,oblique_bars_04,accuracy,0.3
0.0159159757729087,ImageNet-Occluded,oblique_bars_04,accuracy,0.4
0.0403938137793115,ImageNet-Occluded,oblique_bars_04,accuracy,0.5
0.0806640625019006,ImageNet-Occluded,oblique_bars_04,accuracy,0.6
0.1432198660866338,ImageNet-Occluded,oblique_bars_04,accuracy,0.7
0.2512515943725498,ImageNet-Occluded,oblique_bars_04,accuracy,0.8
0.3824378189687826,ImageNet-Occluded,oblique_bars_04,accuracy,0.9
0.0010961415816326,ImageNet-Occluded,oblique_bars_08,accuracy,0.1
0.0017338966836734,ImageNet-Occluded,oblique_bars_08,accuracy,0.2
0.0024553571438074,ImageNet-Occluded,oblique_bars_08,accuracy,0.3
0.0031489158163265,ImageNet-Occluded,oblique_bars_08,accuracy,0.4
0.007633131377551,ImageNet-Occluded,oblique_bars_08,accuracy,0.5
0.0222975127589033,ImageNet-Occluded,oblique_bars_08,accuracy,0.6
0.0534797512774108,ImageNet-Occluded,oblique_bars_08,accuracy,0.7
0.1256975446428571,ImageNet-Occluded,oblique_bars_08,accuracy,0.8
0.2827845982142857,ImageNet-Occluded,oblique_bars_08,accuracy,0.9
0.0013751594387755,ImageNet-Occluded,oblique_bars_16,accuracy,0.1
0.0014548788265306,ImageNet-Occluded,oblique_bars_16,accuracy,0.2
0.0020766900519707,ImageNet-Occluded,oblique_bars_16,accuracy,0.3
0.0023517219387755,ImageNet-Occluded,oblique_bars_16,accuracy,0.4
0.003368144132653,ImageNet-Occluded,oblique_bars_16,accuracy,0.5
0.0063376913265306,ImageNet-Occluded,oblique_bars_16,accuracy,0.6
0.0289700255178067,ImageNet-Occluded,oblique_bars_16,accuracy,0.7
0.1159239477116842,ImageNet-Occluded,oblique_bars_16,accuracy,0.8
0.258601721908365,ImageNet-Occluded,oblique_bars_16,accuracy,0.9
0.0021723533163265,ImageNet-Occluded,vertical_bars_02,accuracy,0.1
0.0221460459193176,ImageNet-Occluded,vertical_bars_02,accuracy,0.2
0.0823262117575017,ImageNet-Occluded,vertical_bars_02,accuracy,0.3
0.1675621811300516,ImageNet-Occluded,vertical_bars_02,accuracy,0.4
0.263851243622449,ImageNet-Occluded,vertical_bars_02,accuracy,0.5
0.3532126913873517,ImageNet-Occluded,vertical_bars_02,accuracy,0.6
0.4268176020408163,ImageNet-Occluded,vertical_bars_02,accuracy,0.7
0.4987005740404129,ImageNet-Occluded,vertical_bars_02,accuracy,0.8
0.5611806441934741,ImageNet-Occluded,vertical_bars_02,accuracy,0.9
0.0012157206632653,ImageNet-Occluded,vertical_bars_04,accuracy,0.1
0.0027303890306122,ImageNet-Occluded,vertical_bars_04,accuracy,0.2
0.0103475765315625,ImageNet-Occluded,vertical_bars_04,accuracy,0.3
0.0443080357294909,ImageNet-Occluded,vertical_bars_04,accuracy,0.4
0.0911232461886746,ImageNet-Occluded,vertical_bars_04,accuracy,0.5
0.1543247768161248,ImageNet-Occluded,vertical_bars_04,accuracy,0.6
0.2333785076530612,ImageNet-Occluded,vertical_bars_04,accuracy,0.7
0.314202008958982,ImageNet-Occluded,vertical_bars_04,accuracy,0.8
0.4114317602040816,ImageNet-Occluded,vertical_bars_04,accuracy,0.9
0.0013352997448979,ImageNet-Occluded,vertical_bars_08,accuracy,0.1
0.0014349489795918,ImageNet-Occluded,vertical_bars_08,accuracy,0.2
0.001773756377551,ImageNet-Occluded,vertical_bars_08,accuracy,0.3
0.0028300382653061,ImageNet-Occluded,vertical_bars_08,accuracy,0.4
0.0055604272959183,ImageNet-Occluded,vertical_bars_08,accuracy,0.5
0.0215441645408163,ImageNet-Occluded,vertical_bars_08,accuracy,0.6
0.0795758928609441,ImageNet-Occluded,vertical_bars_08,accuracy,0.7
0.1838966836886746,ImageNet-Occluded,vertical_bars_08,accuracy,0.8
0.3591717156220455,ImageNet-Occluded,vertical_bars_08,accuracy,0.9
0.0015345982142857,ImageNet-Occluded,vertical_bars_16,accuracy,0.1
0.0016342474489795,ImageNet-Occluded,vertical_bars_16,accuracy,0.2
0.001953125,ImageNet-Occluded,vertical_bars_16,accuracy,0.3
0.0031688456632653,ImageNet-Occluded,vertical_bars_16,accuracy,0.4
0.006401466837685,ImageNet-Occluded,vertical_bars_16,accuracy,0.5
0.0289859693896557,ImageNet-Occluded,vertical_bars_16,accuracy,0.6
0.0777981505178067,ImageNet-Occluded,vertical_bars_16,accuracy,0.7
0.1826132015154069,ImageNet-Occluded,vertical_bars_16,accuracy,0.8
0.2775749361940792,ImageNet-Occluded,vertical_bars_16,accuracy,0.9
0.002212213010204,ImageNet-Occluded,cardinal_crossed_bars,accuracy,0.1
0.0023317920918367,ImageNet-Occluded,cardinal_crossed_bars,accuracy,0.2
0.0020328443877551,ImageNet-Occluded,cardinal_crossed_bars,accuracy,0.3
0.0031369579100639,ImageNet-Occluded,cardinal_crossed_bars,accuracy,0.4
0.0050821109693877,ImageNet-Occluded,cardinal_crossed_bars,accuracy,0.5
0.016242825255102,ImageNet-Occluded,cardinal_crossed_bars,accuracy,0.6
0.0594666772997196,ImageNet-Occluded,cardinal_crossed_bars,accuracy,0.7
0.1397959183597443,ImageNet-Occluded,cardinal_crossed_bars,accuracy,0.8
0.2754783163569411,ImageNet-Occluded,cardinal_crossed_bars,accuracy,0.9
0.0017538265306122,ImageNet-Occluded,oblique_crossed_bars,accuracy,0.1
0.0018534757653061,ImageNet-Occluded,oblique_crossed_bars,accuracy,0.2
0.0019929846938775,ImageNet-Occluded,oblique_crossed_bars,accuracy,0.3
0.0023317920918367,ImageNet-Occluded,oblique_crossed_bars,accuracy,0.4
0.0038066007653061,ImageNet-Occluded,oblique_crossed_bars,accuracy,0.5
0.0121890943953577,ImageNet-Occluded,oblique_crossed_bars,accuracy,0.6
0.0318837691364543,ImageNet-Occluded,oblique_crossed_bars,accuracy,0.7
0.0925223214589819,ImageNet-Occluded,oblique_crossed_bars,accuracy,0.8
0.2088329081936758,ImageNet-Occluded,oblique_crossed_bars,accuracy,0.9
0.0012954400510204,ImageNet-Occluded,curved_lines,accuracy,0.1
0.0022321428571428,ImageNet-Occluded,curved_lines,accuracy,0.2
0.0037468112244897,ImageNet-Occluded,curved_lines,accuracy,0.3
0.0092115752560523,ImageNet-Occluded,curved_lines,accuracy,0.4
0.0230468750019006,ImageNet-Occluded,curved_lines,accuracy,0.5
0.0661033163303319,ImageNet-Occluded,curved_lines,accuracy,0.6
0.1294284120050012,ImageNet-Occluded,curved_lines,accuracy,0.7
0.278328284469186,ImageNet-Occluded,curved_lines,accuracy,0.8
0.480404974550617,ImageNet-Occluded,curved_lines,accuracy,0.9
0.0015345982142857,ImageNet-Occluded,empty_ellipses,accuracy,0.1
0.0020926339285714,ImageNet-Occluded,empty_ellipses,accuracy,0.2
0.0030492665816326,ImageNet-Occluded,empty_ellipses,accuracy,0.3
0.0068957270408163,ImageNet-Occluded,empty_ellipses,accuracy,0.4
0.0121173469387755,ImageNet-Occluded,empty_ellipses,accuracy,0.5
0.0284239477050319,ImageNet-Occluded,empty_ellipses,accuracy,0.6
0.0725845025510204,ImageNet-Occluded,empty_ellipses,accuracy,0.7
0.1976363201226507,ImageNet-Occluded,empty_ellipses,accuracy,0.8
0.4379185267857143,ImageNet-Occluded,empty_ellipses,accuracy,0.9
0.0025908801020408,ImageNet-Occluded,filled_ellipses,accuracy,0.1
0.0086495535714285,ImageNet-Occluded,filled_ellipses,accuracy,0.2
0.02853555485074,ImageNet-Occluded,filled_ellipses,accuracy,0.3
0.0495774872525005,ImageNet-Occluded,filled_ellipses,accuracy,0.4
0.0898636798469387,ImageNet-Occluded,filled_ellipses,accuracy,0.5
0.157669005117246,ImageNet-Occluded,filled_ellipses,accuracy,0.6
0.2459980868259254,ImageNet-Occluded,filled_ellipses,accuracy,0.7
0.3825972577442928,ImageNet-Occluded,filled_ellipses,accuracy,0.8
0.5402662629375652,ImageNet-Occluded,filled_ellipses,accuracy,0.9
0.0024752869907462,ImageNet-Occluded,mud_splash,accuracy,0.1
0.0046077806131952,ImageNet-Occluded,mud_splash,accuracy,0.2
0.0082389987263904,ImageNet-Occluded,mud_splash,accuracy,0.3
0.015266262755102,ImageNet-Occluded,mud_splash,accuracy,0.4
0.0274473852050319,ImageNet-Occluded,mud_splash,accuracy,0.5
0.0517458545937373,ImageNet-Occluded,mud_splash,accuracy,0.6
0.1052574936528595,ImageNet-Occluded,mud_splash,accuracy,0.7
0.2289261798925545,ImageNet-Occluded,mud_splash,accuracy,0.8
0.3999083227649027,ImageNet-Occluded,mud_splash,accuracy,0.9
0.0050462372458482,ImageNet-Occluded,natural,accuracy,0.1
0.0117107780688271,ImageNet-Occluded,natural,accuracy,0.2
0.0193917410714285,ImageNet-Occluded,natural,accuracy,0.3
0.0420081313813523,ImageNet-Occluded,natural,accuracy,0.4
0.0783601722166854,ImageNet-Occluded,natural,accuracy,0.5
0.1249003507653061,ImageNet-Occluded,natural,accuracy,0.6
0.2118901466684682,ImageNet-Occluded,natural,accuracy,0.7
0.3304647640610227,ImageNet-Occluded,natural,accuracy,0.8
0.4411073022959184,ImageNet-Occluded,natural,accuracy,0.9
0.004089604592787,ImageNet-Occluded,natural_silhouette,accuracy,0.1
0.012623565052921,ImageNet-Occluded,natural_silhouette,accuracy,0.2
0.03515625,ImageNet-Occluded,natural_silhouette,accuracy,0.3
0.0651745854743889,ImageNet-Occluded,natural_silhouette,accuracy,0.4
0.1063217474717874,ImageNet-Occluded,natural_silhouette,accuracy,0.5
0.1414022640306122,ImageNet-Occluded,natural_silhouette,accuracy,0.6
0.2508808992498991,ImageNet-Occluded,natural_silhouette,accuracy,0.7
0.3349888393161248,ImageNet-Occluded,natural_silhouette,accuracy,0.8
0.410100446519803,ImageNet-Occluded,natural_silhouette,accuracy,0.9
0.0018973214295217,ImageNet-Occluded,coarse_noise,accuracy,0.1
0.0038504464295217,ImageNet-Occluded,coarse_noise,accuracy,0.2
0.0089325573989095,ImageNet-Occluded,coarse_noise,accuracy,0.3
0.0214046556122449,ImageNet-Occluded,coarse_noise,accuracy,0.4
0.0527224170937373,ImageNet-Occluded,coarse_noise,accuracy,0.5
0.1109335140458175,ImageNet-Occluded,coarse_noise,accuracy,0.6
0.2027582908619423,ImageNet-Occluded,coarse_noise,accuracy,0.7
0.3248604911626602,ImageNet-Occluded,coarse_noise,accuracy,0.8
0.5166334503767441,ImageNet-Occluded,coarse_noise,accuracy,0.9
0.0011160714285714,ImageNet-Occluded,fine_oriented_noise,accuracy,0.1
0.0014748086734693,ImageNet-Occluded,fine_oriented_noise,accuracy,0.2
0.0020527742346938,ImageNet-Occluded,fine_oriented_noise,accuracy,0.3
0.0033282844387755,ImageNet-Occluded,fine_oriented_noise,accuracy,0.4
0.0062619579091135,ImageNet-Occluded,fine_oriented_noise,accuracy,0.5
0.0174585459183673,ImageNet-Occluded,fine_oriented_noise,accuracy,0.6
0.0681521045994393,ImageNet-Occluded,fine_oriented_noise,accuracy,0.7
0.1954400510508186,ImageNet-Occluded,fine_oriented_noise,accuracy,0.8
0.3928013393769459,ImageNet-Occluded,fine_oriented_noise,accuracy,0.9
0.0011957908163265,ImageNet-Occluded,fine_noise,accuracy,0.1
0.001415019132653,ImageNet-Occluded,fine_noise,accuracy,0.2
0.0021125637755102,ImageNet-Occluded,fine_noise,accuracy,0.3
0.0035514987254401,ImageNet-Occluded,fine_noise,accuracy,0.4
0.0061383928571428,ImageNet-Occluded,fine_noise,accuracy,0.5
0.017582110970338,ImageNet-Occluded,fine_noise,accuracy,0.6
0.0549226721976788,ImageNet-Occluded,fine_noise,accuracy,0.7
0.1554767219539807,ImageNet-Occluded,fine_noise,accuracy,0.8
0.3258609694181656,ImageNet-Occluded,fine_noise,accuracy,0.9
0.0021125637755102,ImageNet-Occluded,pink_noise,accuracy,0.1
0.0040537308692475,ImageNet-Occluded,pink_noise,accuracy,0.2
0.0108856823989095,ImageNet-Occluded,pink_noise,accuracy,0.3
0.0225366709221686,ImageNet-Occluded,pink_noise,accuracy,0.4
0.0439692283315317,ImageNet-Occluded,pink_noise,accuracy,0.5
0.0987444196504597,ImageNet-Occluded,pink_noise,accuracy,0.6
0.1809390943725498,ImageNet-Occluded,pink_noise,accuracy,0.7
0.3217673788265306,ImageNet-Occluded,pink_noise,accuracy,0.8
0.4817362882348956,ImageNet-Occluded,pink_noise,accuracy,0.9
0.0016741071428571,ImageNet-Occluded,patch_drop,accuracy,0.1
0.0023357780621748,ImageNet-Occluded,patch_drop,accuracy,0.2
0.0037667410714285,ImageNet-Occluded,patch_drop,accuracy,0.3
0.0072943239795918,ImageNet-Occluded,patch_drop,accuracy,0.4
0.0194156568887054,ImageNet-Occluded,patch_drop,accuracy,0.5
0.0496930803495402,ImageNet-Occluded,patch_drop,accuracy,0.6
0.131050701576228,ImageNet-Occluded,patch_drop,accuracy,0.7
0.2806321747448979,ImageNet-Occluded,patch_drop,accuracy,0.8
0.4777742347546986,ImageNet-Occluded,patch_drop,accuracy,0.9
0.0009964923469387,ImageNet-Occluded,polkadot,accuracy,0.1
0.0010164221938775,ImageNet-Occluded,polkadot,accuracy,0.2
0.0015744579081632,ImageNet-Occluded,polkadot,accuracy,0.3
0.0017538265306122,ImageNet-Occluded,polkadot,accuracy,0.4
0.0030691964285714,ImageNet-Occluded,polkadot,accuracy,0.5
0.0045639349489795,ImageNet-Occluded,polkadot,accuracy,0.6
0.0311981823998598,ImageNet-Occluded,polkadot,accuracy,0.7
0.107425860984593,ImageNet-Occluded,polkadot,accuracy,0.8
0.2487882653213277,ImageNet-Occluded,polkadot,accuracy,0.9
0.0009765625,ImageNet-Occluded,polkasquare,accuracy,0.1
0.0012555803571428,ImageNet-Occluded,polkasquare,accuracy,0.2
0.0015545280612244,ImageNet-Occluded,polkasquare,accuracy,0.3
0.002212213010204,ImageNet-Occluded,polkasquare,accuracy,0.4
0.0057039221948278,ImageNet-Occluded,polkasquare,accuracy,0.5
0.0118821747458482,ImageNet-Occluded,polkasquare,accuracy,0.6
0.0412468112320924,ImageNet-Occluded,polkasquare,accuracy,0.7
0.1141820790968379,ImageNet-Occluded,polkasquare,accuracy,0.8
0.2839803890306122,ImageNet-Occluded,polkasquare,accuracy,0.9
0.0015146683673469,ImageNet-Occluded,empty_rectangles,accuracy,0.1
0.0025789221957782,ImageNet-Occluded,empty_rectangles,accuracy,0.2
0.0046675701540115,ImageNet-Occluded,empty_rectangles,accuracy,0.3
0.0124960140306122,ImageNet-Occluded,empty_rectangles,accuracy,0.4
0.0346619897968686,ImageNet-Occluded,empty_rectangles,accuracy,0.5
0.0790377870126038,ImageNet-Occluded,empty_rectangles,accuracy,0.6
0.1418447066478583,ImageNet-Occluded,empty_rectangles,accuracy,0.7
0.2848413585095989,ImageNet-Occluded,empty_rectangles,accuracy,0.8
0.5007095026726626,ImageNet-Occluded,empty_rectangles,accuracy,0.9
0.0022520727040816,ImageNet-Occluded,filled_rectangles,accuracy,0.1
0.0072584502560523,ImageNet-Occluded,filled_rectangles,accuracy,0.2
0.0201729910723789,ImageNet-Occluded,filled_rectangles,accuracy,0.3
0.0570192920918367,ImageNet-Occluded,filled_rectangles,accuracy,0.4
0.1266741071428571,ImageNet-Occluded,filled_rectangles,accuracy,0.5
0.2116788903213277,ImageNet-Occluded,filled_rectangles,accuracy,0.6
0.3219786351736711,ImageNet-Occluded,filled_rectangles,accuracy,0.7
0.441218909408365,ImageNet-Occluded,filled_rectangles,accuracy,0.8
0.5918965242346939,ImageNet-Occluded,filled_rectangles,accuracy,0.9
0.0015146683673469,ImageNet-Occluded,straight_lines,accuracy,0.1
0.0020966198989095,ImageNet-Occluded,straight_lines,accuracy,0.2
0.0033083545918367,ImageNet-Occluded,straight_lines,accuracy,0.3
0.0061662946447578,ImageNet-Occluded,straight_lines,accuracy,0.4
0.0186264349565822,ImageNet-Occluded,straight_lines,accuracy,0.5
0.0421516262755102,ImageNet-Occluded,straight_lines,accuracy,0.6
0.1175302933825522,ImageNet-Occluded,straight_lines,accuracy,0.7
0.2618303571124466,ImageNet-Occluded,straight_lines,accuracy,0.8
0.4658203125,ImageNet-Occluded,straight_lines,accuracy,0.9
0.0012555803571428,ImageNet-Occluded,empty_triangles,accuracy,0.1
0.0027104591836734,ImageNet-Occluded,empty_triangles,accuracy,0.2
0.0066964285714285,ImageNet-Occluded,empty_triangles,accuracy,0.3
0.0167450573989095,ImageNet-Occluded,empty_triangles,accuracy,0.4
0.0241669324055618,ImageNet-Occluded,empty_triangles,accuracy,0.5
0.0606544961658667,ImageNet-Occluded,empty_triangles,accuracy,0.6
0.1611965880254093,ImageNet-Occluded,empty_triangles,accuracy,0.7
0.3027184312136806,ImageNet-Occluded,empty_triangles,accuracy,0.8
0.4974689094387755,ImageNet-Occluded,empty_triangles,accuracy,0.9
0.0018534757653061,ImageNet-Occluded,filled_triangles,accuracy,0.1
0.0037069515306122,ImageNet-Occluded,filled_triangles,accuracy,0.2
0.0086375956651659,ImageNet-Occluded,filled_triangles,accuracy,0.3
0.0184749681122449,ImageNet-Occluded,filled_triangles,accuracy,0.4
0.0447584502589033,ImageNet-Occluded,filled_triangles,accuracy,0.5
0.0952367665892352,ImageNet-Occluded,filled_triangles,accuracy,0.6
0.1707948023187262,ImageNet-Occluded,filled_triangles,accuracy,0.7
0.3209980867651044,ImageNet-Occluded,filled_triangles,accuracy,0.8
0.5372967157436876,ImageNet-Occluded,filled_triangles,accuracy,0.9
