benchmark,metric,score,occluder_type,visibility
ImageNet-1K,accuracy,0.6876992984693877,,
ImageNet-Occluded,accuracy,0.0024122635510807,horizontal_bars_02,0.1
ImageNet-Occluded,accuracy,0.0199046526104211,horizontal_bars_02,0.2
ImageNet-Occluded,accuracy,0.069268627282308,horizontal_bars_02,0.3
ImageNet-Occluded,accuracy,0.1505763862206011,horizontal_bars_02,0.4
ImageNet-Occluded,accuracy,0.2443260103464126,horizontal_bars_02,0.5
ImageNet-Occluded,accuracy,0.3497533962434652,horizontal_bars_02,0.6
ImageNet-Occluded,accuracy,0.4967762535932112,horizontal_bars_02,0.7
ImageNet-Occluded,accuracy,0.580952030055377,horizontal_bars_02,0.8
ImageNet-Occluded,accuracy,0.6174134977009832,horizontal_bars_02,0.9
ImageNet-Occluded,accuracy,0.0015985241387875,horizontal_bars_04,0.1
ImageNet-Occluded,accuracy,0.0045323480224731,horizontal_bars_04,0.2
ImageNet-Occluded,accuracy,0.0287674179642784,horizontal_bars_04,0.3
ImageNet-Occluded,accuracy,0.1782690964791239,horizontal_bars_04,0.4
ImageNet-Occluded,accuracy,0.3517309634052977,horizontal_bars_04,0.5
ImageNet-Occluded,accuracy,0.4528546308984562,horizontal_bars_04,0.6
ImageNet-Occluded,accuracy,0.5251326658287827,horizontal_bars_04,0.7
ImageNet-Occluded,accuracy,0.5554279125466639,horizontal_bars_04,0.8
ImageNet-Occluded,accuracy,0.5919393921385006,horizontal_bars_04,0.9
ImageNet-Occluded,accuracy,0.0020369807714406,horizontal_bars_08,0.1
ImageNet-Occluded,accuracy,0.0116612166926568,horizontal_bars_08,0.2
ImageNet-Occluded,accuracy,0.0778832096530466,horizontal_bars_08,0.3
ImageNet-Occluded,accuracy,0.2116294040971872,horizontal_bars_08,0.4
ImageNet-Occluded,accuracy,0.3226597096238817,horizontal_bars_08,0.5
ImageNet-Occluded,accuracy,0.4098479017919423,horizontal_bars_08,0.6
ImageNet-Occluded,accuracy,0.5034080038265306,horizontal_bars_08,0.7
ImageNet-Occluded,accuracy,0.565998628431437,horizontal_bars_08,0.8
ImageNet-Occluded,accuracy,0.6097672046447287,horizontal_bars_08,0.9
ImageNet-Occluded,accuracy,0.0019937367653664,horizontal_bars_16,0.1
ImageNet-Occluded,accuracy,0.0026747358734814,horizontal_bars_16,0.2
ImageNet-Occluded,accuracy,0.00448835194491,horizontal_bars_16,0.3
ImageNet-Occluded,accuracy,0.0173137725083803,horizontal_bars_16,0.4
ImageNet-Occluded,accuracy,0.0855877876889948,horizontal_bars_16,0.5
ImageNet-Occluded,accuracy,0.2333014206010468,horizontal_bars_16,0.6
ImageNet-Occluded,accuracy,0.3717202240107011,horizontal_bars_16,0.7
ImageNet-Occluded,accuracy,0.5168850932802472,horizontal_bars_16,0.8
ImageNet-Occluded,accuracy,0.6031313173624934,horizontal_bars_16,0.9
ImageNet-Occluded,accuracy,0.0017222396041057,oblique_bars_02,0.1
ImageNet-Occluded,accuracy,0.006593395024538,oblique_bars_02,0.2
ImageNet-Occluded,accuracy,0.0448914161902301,oblique_bars_02,0.3
ImageNet-Occluded,accuracy,0.1324056303318666,oblique_bars_02,0.4
ImageNet-Occluded,accuracy,0.2307827390578328,oblique_bars_02,0.5
ImageNet-Occluded,accuracy,0.3272447026505762,oblique_bars_02,0.6
ImageNet-Occluded,accuracy,0.4184263847312148,oblique_bars_02,0.7
ImageNet-Occluded,accuracy,0.4638762127379982,oblique_bars_02,0.8
ImageNet-Occluded,accuracy,0.5694641653372317,oblique_bars_02,0.9
ImageNet-Occluded,accuracy,0.0013394361285834,oblique_bars_04,0.1
ImageNet-Occluded,accuracy,0.0022404156245139,oblique_bars_04,0.2
ImageNet-Occluded,accuracy,0.0044011118612727,oblique_bars_04,0.3
ImageNet-Occluded,accuracy,0.0119793421531818,oblique_bars_04,0.4
ImageNet-Occluded,accuracy,0.0337773302227866,oblique_bars_04,0.5
ImageNet-Occluded,accuracy,0.0776282579314951,oblique_bars_04,0.6
ImageNet-Occluded,accuracy,0.188410004486843,oblique_bars_04,0.7
ImageNet-Occluded,accuracy,0.3524149711034736,oblique_bars_04,0.8
ImageNet-Occluded,accuracy,0.511498394061108,oblique_bars_04,0.9
ImageNet-Occluded,accuracy,0.0012837829714526,oblique_bars_08,0.1
ImageNet-Occluded,accuracy,0.0011758609693877,oblique_bars_08,0.2
ImageNet-Occluded,accuracy,0.0027867942592319,oblique_bars_08,0.3
ImageNet-Occluded,accuracy,0.0218935009016066,oblique_bars_08,0.4
ImageNet-Occluded,accuracy,0.0824076609343898,oblique_bars_08,0.5
ImageNet-Occluded,accuracy,0.1620292797380564,oblique_bars_08,0.6
ImageNet-Occluded,accuracy,0.240140366310976,oblique_bars_08,0.7
ImageNet-Occluded,accuracy,0.4319331804100348,oblique_bars_08,0.8
ImageNet-Occluded,accuracy,0.5298770970227767,oblique_bars_08,0.9
ImageNet-Occluded,accuracy,0.0011044143490037,oblique_bars_16,0.1
ImageNet-Occluded,accuracy,0.0022204857775751,oblique_bars_16,0.2
ImageNet-Occluded,accuracy,0.0103458467946977,oblique_bars_16,0.3
ImageNet-Occluded,accuracy,0.040873107785473,oblique_bars_16,0.4
ImageNet-Occluded,accuracy,0.0928178096608239,oblique_bars_16,0.5
ImageNet-Occluded,accuracy,0.2505035108449507,oblique_bars_16,0.6
ImageNet-Occluded,accuracy,0.3955390234382785,oblique_bars_16,0.7
ImageNet-Occluded,accuracy,0.4842967847172095,oblique_bars_16,0.8
ImageNet-Occluded,accuracy,0.4809587232920588,oblique_bars_16,0.9
ImageNet-Occluded,accuracy,0.0019373315367467,vertical_bars_02,0.1
ImageNet-Occluded,accuracy,0.0180643380676605,vertical_bars_02,0.2
ImageNet-Occluded,accuracy,0.0806914379402082,vertical_bars_02,0.3
ImageNet-Occluded,accuracy,0.1734355447851881,vertical_bars_02,0.4
ImageNet-Occluded,accuracy,0.2763645551642593,vertical_bars_02,0.5
ImageNet-Occluded,accuracy,0.3825331062686686,vertical_bars_02,0.6
ImageNet-Occluded,accuracy,0.456999663187533,vertical_bars_02,0.7
ImageNet-Occluded,accuracy,0.5698323030861057,vertical_bars_02,0.8
ImageNet-Occluded,accuracy,0.6309695535776566,vertical_bars_02,0.9
ImageNet-Occluded,accuracy,0.0018376823020528,vertical_bars_04,0.1
ImageNet-Occluded,accuracy,0.0035042687490278,vertical_bars_04,0.2
ImageNet-Occluded,accuracy,0.0188152796531818,vertical_bars_04,0.3
ImageNet-Occluded,accuracy,0.0915490680811356,vertical_bars_04,0.4
ImageNet-Occluded,accuracy,0.2528928360160516,vertical_bars_04,0.5
ImageNet-Occluded,accuracy,0.4227222064319922,vertical_bars_04,0.6
ImageNet-Occluded,accuracy,0.5462116745053506,vertical_bars_04,0.7
ImageNet-Occluded,accuracy,0.5924304942695462,vertical_bars_04,0.8
ImageNet-Occluded,accuracy,0.6230453715032461,vertical_bars_04,0.9
ImageNet-Occluded,accuracy,0.0011243441959424,vertical_bars_08,0.1
ImageNet-Occluded,accuracy,0.0057446843735417,vertical_bars_08,0.2
ImageNet-Occluded,accuracy,0.1104482035247647,vertical_bars_08,0.3
ImageNet-Occluded,accuracy,0.3119351955092683,vertical_bars_08,0.4
ImageNet-Occluded,accuracy,0.437248808997018,vertical_bars_08,0.5
ImageNet-Occluded,accuracy,0.5166237488084909,vertical_bars_08,0.6
ImageNet-Occluded,accuracy,0.5718252877799832,vertical_bars_08,0.7
ImageNet-Occluded,accuracy,0.6044786499471081,vertical_bars_08,0.8
ImageNet-Occluded,accuracy,0.6290863703708259,vertical_bars_08,0.9
ImageNet-Occluded,accuracy,0.0026788722571669,vertical_bars_16,0.1
ImageNet-Occluded,accuracy,0.0055412495204684,vertical_bars_16,0.2
ImageNet-Occluded,accuracy,0.0193349598165677,vertical_bars_16,0.3
ImageNet-Occluded,accuracy,0.0554391936380036,vertical_bars_16,0.4
ImageNet-Occluded,accuracy,0.127562301499503,vertical_bars_16,0.5
ImageNet-Occluded,accuracy,0.2841071127628793,vertical_bars_16,0.6
ImageNet-Occluded,accuracy,0.4212165633026434,vertical_bars_16,0.7
ImageNet-Occluded,accuracy,0.5446947496764514,vertical_bars_16,0.8
ImageNet-Occluded,accuracy,0.6102771077837262,vertical_bars_16,0.9
ImageNet-Occluded,accuracy,0.0021208365428812,cardinal_crossed_bars,0.1
ImageNet-Occluded,accuracy,0.00311732888982,cardinal_crossed_bars,0.2
ImageNet-Occluded,accuracy,0.0145901521021614,cardinal_crossed_bars,0.3
ImageNet-Occluded,accuracy,0.1236075430500264,cardinal_crossed_bars,0.4
ImageNet-Occluded,accuracy,0.2487301303415882,cardinal_crossed_bars,0.5
ImageNet-Occluded,accuracy,0.3455042024048007,cardinal_crossed_bars,0.6
ImageNet-Occluded,accuracy,0.439453125,cardinal_crossed_bars,0.7
ImageNet-Occluded,accuracy,0.5089631664509676,cardinal_crossed_bars,0.8
ImageNet-Occluded,accuracy,0.5893244463570264,cardinal_crossed_bars,0.9
ImageNet-Occluded,accuracy,0.00155866444491,oblique_crossed_bars,0.1
ImageNet-Occluded,accuracy,0.001782029144922,oblique_crossed_bars,0.2
ImageNet-Occluded,accuracy,0.0058958503816808,oblique_crossed_bars,0.3
ImageNet-Occluded,accuracy,0.0479606126188015,oblique_crossed_bars,0.4
ImageNet-Occluded,accuracy,0.1463392255257587,oblique_crossed_bars,0.5
ImageNet-Occluded,accuracy,0.2737428406063391,oblique_crossed_bars,0.6
ImageNet-Occluded,accuracy,0.4215448413576398,oblique_crossed_bars,0.7
ImageNet-Occluded,accuracy,0.5229828734787143,oblique_crossed_bars,0.8
ImageNet-Occluded,accuracy,0.5806214955388284,oblique_crossed_bars,0.9
ImageNet-Occluded,accuracy,0.0019456043041178,curved_lines,0.1
ImageNet-Occluded,accuracy,0.0038389397633014,curved_lines,0.2
ImageNet-Occluded,accuracy,0.0268725783241038,curved_lines,0.3
ImageNet-Occluded,accuracy,0.0775669642857142,curved_lines,0.4
ImageNet-Occluded,accuracy,0.1904022371282382,curved_lines,0.5
ImageNet-Occluded,accuracy,0.311336548352728,curved_lines,0.6
ImageNet-Occluded,accuracy,0.4136108822968541,curved_lines,0.7
ImageNet-Occluded,accuracy,0.5112535953521729,curved_lines,0.8
ImageNet-Occluded,accuracy,0.5875149661180924,curved_lines,0.9
ImageNet-Occluded,accuracy,0.0015545280612244,empty_ellipses,0.1
ImageNet-Occluded,accuracy,0.0023957180163385,empty_ellipses,0.2
ImageNet-Occluded,accuracy,0.0116123321409128,empty_ellipses,0.3
ImageNet-Occluded,accuracy,0.0526414943896994,empty_ellipses,0.4
ImageNet-Occluded,accuracy,0.1018174517215514,empty_ellipses,0.5
ImageNet-Occluded,accuracy,0.1781021371787908,empty_ellipses,0.6
ImageNet-Occluded,accuracy,0.2754865142763877,empty_ellipses,0.7
ImageNet-Occluded,accuracy,0.4038035176238235,empty_ellipses,0.8
ImageNet-Occluded,accuracy,0.5406738093921116,empty_ellipses,0.9
ImageNet-Occluded,accuracy,0.0021723533163265,filled_ellipses,0.1
ImageNet-Occluded,accuracy,0.0067528338000482,filled_ellipses,0.2
ImageNet-Occluded,accuracy,0.0261220127838302,filled_ellipses,0.3
ImageNet-Occluded,accuracy,0.0444721373520335,filled_ellipses,0.4
ImageNet-Occluded,accuracy,0.0893376071234138,filled_ellipses,0.5
ImageNet-Occluded,accuracy,0.1634890467536692,filled_ellipses,0.6
ImageNet-Occluded,accuracy,0.2399805516612773,filled_ellipses,0.7
ImageNet-Occluded,accuracy,0.3743013271263667,filled_ellipses,0.8
ImageNet-Occluded,accuracy,0.5268733306806914,filled_ellipses,0.9
ImageNet-Occluded,accuracy,0.0020610470020649,mud_splash,0.1
ImageNet-Occluded,accuracy,0.0054938691307087,mud_splash,0.2
ImageNet-Occluded,accuracy,0.0097904433021131,mud_splash,0.3
ImageNet-Occluded,accuracy,0.0252300581457663,mud_splash,0.4
ImageNet-Occluded,accuracy,0.0537086813425531,mud_splash,0.5
ImageNet-Occluded,accuracy,0.1231807433829015,mud_splash,0.6
ImageNet-Occluded,accuracy,0.2412981777166833,mud_splash,0.7
ImageNet-Occluded,accuracy,0.3635279286880882,mud_splash,0.8
ImageNet-Occluded,accuracy,0.4809275123537803,mud_splash,0.9
ImageNet-Occluded,accuracy,0.0133387081287041,natural,0.1
ImageNet-Occluded,accuracy,0.0438866510379071,natural,0.2
ImageNet-Occluded,accuracy,0.1176955231598445,natural,0.3
ImageNet-Occluded,accuracy,0.2067495998071164,natural,0.4
ImageNet-Occluded,accuracy,0.3362695386215132,natural,0.5
ImageNet-Occluded,accuracy,0.450093783286153,natural,0.6
ImageNet-Occluded,accuracy,0.5213309526443481,natural,0.7
ImageNet-Occluded,accuracy,0.6077964062593422,natural,0.8
ImageNet-Occluded,accuracy,0.6183915636977371,natural,0.9
ImageNet-Occluded,accuracy,0.0033531027408886,natural_silhouette,0.1
ImageNet-Occluded,accuracy,0.0122350458511892,natural_silhouette,0.2
ImageNet-Occluded,accuracy,0.0439622340609832,natural_silhouette,0.3
ImageNet-Occluded,accuracy,0.0846093449057364,natural_silhouette,0.4
ImageNet-Occluded,accuracy,0.1329328311341149,natural_silhouette,0.5
ImageNet-Occluded,accuracy,0.2443357870286824,natural_silhouette,0.6
ImageNet-Occluded,accuracy,0.3831689813915564,natural_silhouette,0.7
ImageNet-Occluded,accuracy,0.4976870101325366,natural_silhouette,0.8
ImageNet-Occluded,accuracy,0.5642263767670612,natural_silhouette,0.9
ImageNet-Occluded,accuracy,0.0023757881693998,coarse_noise,0.1
ImageNet-Occluded,accuracy,0.0033805532837096,coarse_noise,0.2
ImageNet-Occluded,accuracy,0.0078971078429295,coarse_noise,0.3
ImageNet-Occluded,accuracy,0.0180744910042504,coarse_noise,0.4
ImageNet-Occluded,accuracy,0.0517089280242822,coarse_noise,0.5
ImageNet-Occluded,accuracy,0.1110558757672504,coarse_noise,0.6
ImageNet-Occluded,accuracy,0.2121851836540261,coarse_noise,0.7
ImageNet-Occluded,accuracy,0.3422135218065612,coarse_noise,0.8
ImageNet-Occluded,accuracy,0.5267097548562654,coarse_noise,0.9
ImageNet-Occluded,accuracy,0.0012638531245139,fine_oriented_noise,0.1
ImageNet-Occluded,accuracy,0.0023400648592077,fine_oriented_noise,0.2
ImageNet-Occluded,accuracy,0.0157475873675881,fine_oriented_noise,0.3
ImageNet-Occluded,accuracy,0.0791211163206976,fine_oriented_noise,0.4
ImageNet-Occluded,accuracy,0.1698744947812995,fine_oriented_noise,0.5
ImageNet-Occluded,accuracy,0.2583084900160225,fine_oriented_noise,0.6
ImageNet-Occluded,accuracy,0.3792300163483133,fine_oriented_noise,0.7
ImageNet-Occluded,accuracy,0.4755148668678439,fine_oriented_noise,0.8
ImageNet-Occluded,accuracy,0.5556960251866555,fine_oriented_noise,0.9
ImageNet-Occluded,accuracy,0.0011044143490037,fine_noise,0.1
ImageNet-Occluded,accuracy,0.0014548788265306,fine_noise,0.2
ImageNet-Occluded,accuracy,0.0022163493938896,fine_noise,0.3
ImageNet-Occluded,accuracy,0.0045639349489795,fine_noise,0.4
ImageNet-Occluded,accuracy,0.0145833834777681,fine_noise,0.5
ImageNet-Occluded,accuracy,0.0435094881270613,fine_noise,0.6
ImageNet-Occluded,accuracy,0.1117278500174989,fine_noise,0.7
ImageNet-Occluded,accuracy,0.2331419818255366,fine_noise,0.8
ImageNet-Occluded,accuracy,0.3918482411880882,fine_noise,0.9
ImageNet-Occluded,accuracy,0.0019738069184276,pink_noise,0.1
ImageNet-Occluded,accuracy,0.0052821615102643,pink_noise,0.2
ImageNet-Occluded,accuracy,0.0190792561185603,pink_noise,0.3
ImageNet-Occluded,accuracy,0.0400168764956143,pink_noise,0.4
ImageNet-Occluded,accuracy,0.0858201770758142,pink_noise,0.5
ImageNet-Occluded,accuracy,0.1771879965553478,pink_noise,0.6
ImageNet-Occluded,accuracy,0.2868954113551548,pink_noise,0.7
ImageNet-Occluded,accuracy,0.4252563052031459,pink_noise,0.8
ImageNet-Occluded,accuracy,0.5387744575130696,pink_noise,0.9
ImageNet-Occluded,accuracy,0.0008769132653061,polkadot,0.1
ImageNet-Occluded,accuracy,0.0011957908163265,polkadot,0.2
ImageNet-Occluded,accuracy,0.0013153698979591,polkadot,0.3
ImageNet-Occluded,accuracy,0.0016225903694118,polkadot,0.4
ImageNet-Occluded,accuracy,0.0177082330444637,polkadot,0.5
ImageNet-Occluded,accuracy,0.0536812307427124,polkadot,0.6
ImageNet-Occluded,accuracy,0.2132392093843343,polkadot,0.7
ImageNet-Occluded,accuracy,0.3543113147725864,polkadot,0.8
ImageNet-Occluded,accuracy,0.4159893028590144,polkadot,0.9
ImageNet-Occluded,accuracy,0.0011202078122569,polkasquare,0.1
ImageNet-Occluded,accuracy,0.0009964923469387,polkasquare,0.2
ImageNet-Occluded,accuracy,0.0011559311224489,polkasquare,0.3
ImageNet-Occluded,accuracy,0.0017222396041057,polkasquare,0.4
ImageNet-Occluded,accuracy,0.0038987293041178,polkasquare,0.5
ImageNet-Occluded,accuracy,0.0075865030592801,polkasquare,0.6
ImageNet-Occluded,accuracy,0.0332001167140444,polkasquare,0.7
ImageNet-Occluded,accuracy,0.1149512208542045,polkasquare,0.8
ImageNet-Occluded,accuracy,0.3267438241413661,polkasquare,0.9
ImageNet-Occluded,accuracy,0.0012954400510204,empty_rectangles,0.1
ImageNet-Occluded,accuracy,0.0030060225755584,empty_rectangles,0.2
ImageNet-Occluded,accuracy,0.0079685544633135,empty_rectangles,0.3
ImageNet-Occluded,accuracy,0.0241794168036811,empty_rectangles,0.4
ImageNet-Occluded,accuracy,0.0653981005354803,empty_rectangles,0.5
ImageNet-Occluded,accuracy,0.1307206181239108,empty_rectangles,0.6
ImageNet-Occluded,accuracy,0.211358659121455,empty_rectangles,0.7
ImageNet-Occluded,accuracy,0.3453222020548217,empty_rectangles,0.8
ImageNet-Occluded,accuracy,0.5229527913794225,empty_rectangles,0.9
ImageNet-Occluded,accuracy,0.0024081271673951,filled_rectangles,0.1
ImageNet-Occluded,accuracy,0.0077053300694239,filled_rectangles,0.2
ImageNet-Occluded,accuracy,0.0216584791410334,filled_rectangles,0.3
ImageNet-Occluded,accuracy,0.0573596035947605,filled_rectangles,0.4
ImageNet-Occluded,accuracy,0.1253230139917256,filled_rectangles,0.5
ImageNet-Occluded,accuracy,0.2063690527361266,filled_rectangles,0.6
ImageNet-Occluded,accuracy,0.3077882832410384,filled_rectangles,0.7
ImageNet-Occluded,accuracy,0.4275580145874802,filled_rectangles,0.8
ImageNet-Occluded,accuracy,0.5710070364329279,filled_rectangles,0.9
ImageNet-Occluded,accuracy,0.0014232919000241,straight_lines,0.1
ImageNet-Occluded,accuracy,0.0033124909755222,straight_lines,0.2
ImageNet-Occluded,accuracy,0.0150609477328098,straight_lines,0.3
ImageNet-Occluded,accuracy,0.0630696928318666,straight_lines,0.4
ImageNet-Occluded,accuracy,0.1315358618692476,straight_lines,0.5
ImageNet-Occluded,accuracy,0.2420844666811884,straight_lines,0.6
ImageNet-Occluded,accuracy,0.3711937751088823,straight_lines,0.7
ImageNet-Occluded,accuracy,0.48232109753453,straight_lines,0.8
ImageNet-Occluded,accuracy,0.5741909231458392,straight_lines,0.9
ImageNet-Occluded,accuracy,0.0015146683673469,empty_triangles,0.1
ImageNet-Occluded,accuracy,0.0041544330021252,empty_triangles,0.2
ImageNet-Occluded,accuracy,0.0169178078103126,empty_triangles,0.3
ImageNet-Occluded,accuracy,0.0460018470731316,empty_triangles,0.4
ImageNet-Occluded,accuracy,0.1046294402711245,empty_triangles,0.5
ImageNet-Occluded,accuracy,0.2023755625194432,empty_triangles,0.6
ImageNet-Occluded,accuracy,0.345648600130665,empty_triangles,0.7
ImageNet-Occluded,accuracy,0.4508481092598973,empty_triangles,0.8
ImageNet-Occluded,accuracy,0.5597256154430156,empty_triangles,0.9
ImageNet-Occluded,accuracy,0.0018177524551141,filled_triangles,0.1
ImageNet-Occluded,accuracy,0.0033846896673951,filled_triangles,0.2
ImageNet-Occluded,accuracy,0.0103010986266391,filled_triangles,0.3
ImageNet-Occluded,accuracy,0.0271647574037921,filled_triangles,0.4
ImageNet-Occluded,accuracy,0.064594138033536,filled_triangles,0.5
ImageNet-Occluded,accuracy,0.149758510443629,filled_triangles,0.6
ImageNet-Occluded,accuracy,0.2313990602079703,filled_triangles,0.7
ImageNet-Occluded,accuracy,0.3706504051782647,filled_triangles,0.8
ImageNet-Occluded,accuracy,0.5502532976014274,filled_triangles,0.9
ImageNet-Occluded,accuracy,0.0015146683673469,patch_drop,0.1
ImageNet-Occluded,accuracy,0.0029097576530612,patch_drop,0.2
ImageNet-Occluded,accuracy,0.0050422512755102,patch_drop,0.3
ImageNet-Occluded,accuracy,0.0113400829081632,patch_drop,0.4
ImageNet-Occluded,accuracy,0.0284717793443373,patch_drop,0.5
ImageNet-Occluded,accuracy,0.0627989477040816,patch_drop,0.6
ImageNet-Occluded,accuracy,0.1434151785714285,patch_drop,0.7
ImageNet-Occluded,accuracy,0.2877670599489796,patch_drop,0.8
ImageNet-Occluded,accuracy,0.4750199299685809,patch_drop,0.9
