benchmark,occluder_type,metric,score,visibility
ImageNet-1K,,accuracy,0.5675351662404092,
ImageNet-Occluded,horizontal_bars_02,accuracy,0.0189081602634824,0.1
ImageNet-Occluded,horizontal_bars_02,accuracy,0.0762482101515847,0.2
ImageNet-Occluded,horizontal_bars_02,accuracy,0.1422622556589087,0.3
ImageNet-Occluded,horizontal_bars_02,accuracy,0.2182904855937374,0.4
ImageNet-Occluded,horizontal_bars_02,accuracy,0.2913939162176482,0.5
ImageNet-Occluded,horizontal_bars_02,accuracy,0.3616981433362377,0.6
ImageNet-Occluded,horizontal_bars_02,accuracy,0.4173652140461669,0.7
ImageNet-Occluded,horizontal_bars_02,accuracy,0.4607227839985672,0.8
ImageNet-Occluded,horizontal_bars_02,accuracy,0.5229791135204082,0.9
ImageNet-Occluded,horizontal_bars_04,accuracy,0.0077019457572272,0.1
ImageNet-Occluded,horizontal_bars_04,accuracy,0.0628534727254692,0.2
ImageNet-Occluded,horizontal_bars_04,accuracy,0.1335822435057893,0.3
ImageNet-Occluded,horizontal_bars_04,accuracy,0.2164670922318283,0.4
ImageNet-Occluded,horizontal_bars_04,accuracy,0.2781405680033625,0.5
ImageNet-Occluded,horizontal_bars_04,accuracy,0.3278425980587395,0.6
ImageNet-Occluded,horizontal_bars_04,accuracy,0.3851845276599027,0.7
ImageNet-Occluded,horizontal_bars_04,accuracy,0.4788773704548271,0.8
ImageNet-Occluded,horizontal_bars_04,accuracy,0.5144367303167071,0.9
ImageNet-Occluded,horizontal_bars_08,accuracy,0.0058161309939257,0.1
ImageNet-Occluded,horizontal_bars_08,accuracy,0.0257091265247792,0.2
ImageNet-Occluded,horizontal_bars_08,accuracy,0.0749967660830945,0.3
ImageNet-Occluded,horizontal_bars_08,accuracy,0.170163665499006,0.4
ImageNet-Occluded,horizontal_bars_08,accuracy,0.267954159756096,0.5
ImageNet-Occluded,horizontal_bars_08,accuracy,0.3739719208405942,0.6
ImageNet-Occluded,horizontal_bars_08,accuracy,0.4409471117720312,0.7
ImageNet-Occluded,horizontal_bars_08,accuracy,0.4698491497915618,0.8
ImageNet-Occluded,horizontal_bars_08,accuracy,0.4853955592427935,0.9
ImageNet-Occluded,horizontal_bars_16,accuracy,0.0036039179837217,0.1
ImageNet-Occluded,horizontal_bars_16,accuracy,0.0140719760817532,0.2
ImageNet-Occluded,horizontal_bars_16,accuracy,0.0358191994684083,0.3
ImageNet-Occluded,horizontal_bars_16,accuracy,0.0647885481617888,0.4
ImageNet-Occluded,horizontal_bars_16,accuracy,0.1118936813911613,0.5
ImageNet-Occluded,horizontal_bars_16,accuracy,0.1938286666967431,0.6
ImageNet-Occluded,horizontal_bars_16,accuracy,0.2750127102647509,0.7
ImageNet-Occluded,horizontal_bars_16,accuracy,0.3432359604202971,0.8
ImageNet-Occluded,horizontal_bars_16,accuracy,0.383967679374072,0.9
ImageNet-Occluded,oblique_bars_02,accuracy,0.0168621546531818,0.1
ImageNet-Occluded,oblique_bars_02,accuracy,0.0762365530340039,0.2
ImageNet-Occluded,oblique_bars_02,accuracy,0.14907826331197,0.3
ImageNet-Occluded,oblique_bars_02,accuracy,0.230854937920765,0.4
ImageNet-Occluded,oblique_bars_02,accuracy,0.2957284699897377,0.5
ImageNet-Occluded,oblique_bars_02,accuracy,0.3551009881253145,0.6
ImageNet-Occluded,oblique_bars_02,accuracy,0.4016409406856615,0.7
ImageNet-Occluded,oblique_bars_02,accuracy,0.4327029233076134,0.8
ImageNet-Occluded,oblique_bars_02,accuracy,0.4733966625466638,0.9
ImageNet-Occluded,oblique_bars_04,accuracy,0.0027427981816688,0.1
ImageNet-Occluded,oblique_bars_04,accuracy,0.0362486312431948,0.2
ImageNet-Occluded,oblique_bars_04,accuracy,0.0908267050981521,0.3
ImageNet-Occluded,oblique_bars_04,accuracy,0.1413157761705165,0.4
ImageNet-Occluded,oblique_bars_04,accuracy,0.1921195880490906,0.5
ImageNet-Occluded,oblique_bars_04,accuracy,0.2562606042745162,0.6
ImageNet-Occluded,oblique_bars_04,accuracy,0.2769075498288991,0.7
ImageNet-Occluded,oblique_bars_04,accuracy,0.3496567552187005,0.8
ImageNet-Occluded,oblique_bars_04,accuracy,0.50413863999503,0.9
ImageNet-Occluded,oblique_bars_08,accuracy,0.0031970482775751,0.1
ImageNet-Occluded,oblique_bars_08,accuracy,0.0109670563429898,0.2
ImageNet-Occluded,oblique_bars_08,accuracy,0.0517438992249722,0.3
ImageNet-Occluded,oblique_bars_08,accuracy,0.0892511191112654,0.4
ImageNet-Occluded,oblique_bars_08,accuracy,0.1172224712006899,0.5
ImageNet-Occluded,oblique_bars_08,accuracy,0.2277334724762001,0.6
ImageNet-Occluded,oblique_bars_08,accuracy,0.3955894124751188,0.7
ImageNet-Occluded,oblique_bars_08,accuracy,0.4639438986778259,0.8
ImageNet-Occluded,oblique_bars_08,accuracy,0.5024487388377287,0.9
ImageNet-Occluded,oblique_bars_16,accuracy,0.002105043079628,0.1
ImageNet-Occluded,oblique_bars_16,accuracy,0.0075665732123413,0.2
ImageNet-Occluded,oblique_bars_16,accuracy,0.0256809239104694,0.3
ImageNet-Occluded,oblique_bars_16,accuracy,0.0975404313328314,0.4
ImageNet-Occluded,oblique_bars_16,accuracy,0.1964127780223379,0.5
ImageNet-Occluded,oblique_bars_16,accuracy,0.3099873351807497,0.6
ImageNet-Occluded,oblique_bars_16,accuracy,0.3812722612400444,0.7
ImageNet-Occluded,oblique_bars_16,accuracy,0.4171659155767791,0.8
ImageNet-Occluded,oblique_bars_16,accuracy,0.4111745527812412,0.9
ImageNet-Occluded,vertical_bars_02,accuracy,0.0223492551594972,0.1
ImageNet-Occluded,vertical_bars_02,accuracy,0.1030076019922081,0.2
ImageNet-Occluded,vertical_bars_02,accuracy,0.1820535112400444,0.3
ImageNet-Occluded,vertical_bars_02,accuracy,0.2667128687002221,0.4
ImageNet-Occluded,vertical_bars_02,accuracy,0.3362443447113037,0.5
ImageNet-Occluded,vertical_bars_02,accuracy,0.3985984428804748,0.6
ImageNet-Occluded,vertical_bars_02,accuracy,0.4444201692026489,0.7
ImageNet-Occluded,vertical_bars_02,accuracy,0.4790349292511843,0.8
ImageNet-Occluded,vertical_bars_02,accuracy,0.5280849142950408,0.9
ImageNet-Occluded,vertical_bars_04,accuracy,0.0091534402715612,0.1
ImageNet-Occluded,vertical_bars_04,accuracy,0.0736464249844453,0.2
ImageNet-Occluded,vertical_bars_04,accuracy,0.1555727613823754,0.3
ImageNet-Occluded,vertical_bars_04,accuracy,0.2455981361622713,0.4
ImageNet-Occluded,vertical_bars_04,accuracy,0.3172053238567041,0.5
ImageNet-Occluded,vertical_bars_04,accuracy,0.368430671035027,0.6
ImageNet-Occluded,vertical_bars_04,accuracy,0.419451079806503,0.7
ImageNet-Occluded,vertical_bars_04,accuracy,0.4978840521403721,0.8
ImageNet-Occluded,vertical_bars_04,accuracy,0.5231035813993338,0.9
ImageNet-Occluded,vertical_bars_08,accuracy,0.0065542874021493,0.1
ImageNet-Occluded,vertical_bars_08,accuracy,0.0372458756426159,0.2
ImageNet-Occluded,vertical_bars_08,accuracy,0.0947427320845273,0.3
ImageNet-Occluded,vertical_bars_08,accuracy,0.1911261042161863,0.4
ImageNet-Occluded,vertical_bars_08,accuracy,0.2944420545685048,0.5
ImageNet-Occluded,vertical_bars_08,accuracy,0.4011035871749021,0.6
ImageNet-Occluded,vertical_bars_08,accuracy,0.4596540933969069,0.7
ImageNet-Occluded,vertical_bars_08,accuracy,0.4831919943799778,0.8
ImageNet-Occluded,vertical_bars_08,accuracy,0.4829524597343133,0.9
ImageNet-Occluded,vertical_bars_16,accuracy,0.0032128417408283,0.1
ImageNet-Occluded,vertical_bars_16,accuracy,0.0224474002512133,0.2
ImageNet-Occluded,vertical_bars_16,accuracy,0.0776887995247938,0.3
ImageNet-Occluded,vertical_bars_16,accuracy,0.1403083786064264,0.4
ImageNet-Occluded,vertical_bars_16,accuracy,0.2001005517584937,0.5
ImageNet-Occluded,vertical_bars_16,accuracy,0.2819667227414189,0.6
ImageNet-Occluded,vertical_bars_16,accuracy,0.3417822098245426,0.7
ImageNet-Occluded,vertical_bars_16,accuracy,0.3781037914509676,0.8
ImageNet-Occluded,vertical_bars_16,accuracy,0.3731044086874748,0.9
ImageNet-Occluded,cardinal_crossed_bars,accuracy,0.0261543517818256,0.1
ImageNet-Occluded,cardinal_crossed_bars,accuracy,0.0475289246105417,0.2
ImageNet-Occluded,cardinal_crossed_bars,accuracy,0.0755912772550874,0.3
ImageNet-Occluded,cardinal_crossed_bars,accuracy,0.13195138029298,0.4
ImageNet-Occluded,cardinal_crossed_bars,accuracy,0.2222437399382494,0.5
ImageNet-Occluded,cardinal_crossed_bars,accuracy,0.2978782611233847,0.6
ImageNet-Occluded,cardinal_crossed_bars,accuracy,0.346993300379539,0.7
ImageNet-Occluded,cardinal_crossed_bars,accuracy,0.3619974669145078,0.8
ImageNet-Occluded,cardinal_crossed_bars,accuracy,0.3621396081788199,0.9
ImageNet-Occluded,oblique_crossed_bars,accuracy,0.0168553860287885,0.1
ImageNet-Occluded,oblique_crossed_bars,accuracy,0.0397660612147681,0.2
ImageNet-Occluded,oblique_crossed_bars,accuracy,0.0577435352060259,0.3
ImageNet-Occluded,oblique_crossed_bars,accuracy,0.108263441038375,0.4
ImageNet-Occluded,oblique_crossed_bars,accuracy,0.2171966001695516,0.5
ImageNet-Occluded,oblique_crossed_bars,accuracy,0.3189222995115786,0.6
ImageNet-Occluded,oblique_crossed_bars,accuracy,0.3571620352414189,0.7
ImageNet-Occluded,oblique_crossed_bars,accuracy,0.3752143401272443,0.8
ImageNet-Occluded,oblique_crossed_bars,accuracy,0.3792747642312731,0.9
ImageNet-Occluded,curved_lines,accuracy,0.0074229279000844,0.1
ImageNet-Occluded,curved_lines,accuracy,0.028985142099614,0.2
ImageNet-Occluded,curved_lines,accuracy,0.075156956911087,0.3
ImageNet-Occluded,curved_lines,accuracy,0.1445383946506344,0.4
ImageNet-Occluded,curved_lines,accuracy,0.2270825563036665,0.5
ImageNet-Occluded,curved_lines,accuracy,0.3028411688853283,0.6
ImageNet-Occluded,curved_lines,accuracy,0.36853069675212,0.7
ImageNet-Occluded,curved_lines,accuracy,0.4349640212496932,0.8
ImageNet-Occluded,curved_lines,accuracy,0.4966668273721422,0.9
ImageNet-Occluded,empty_ellipses,accuracy,0.0051550617327495,0.1
ImageNet-Occluded,empty_ellipses,accuracy,0.0298022658241038,0.2
ImageNet-Occluded,empty_ellipses,accuracy,0.0741228611797702,0.3
ImageNet-Occluded,empty_ellipses,accuracy,0.1419069028022337,0.4
ImageNet-Occluded,empty_ellipses,accuracy,0.2042015879129877,0.5
ImageNet-Occluded,empty_ellipses,accuracy,0.2722221552109232,0.6
ImageNet-Occluded,empty_ellipses,accuracy,0.3393733306806915,0.7
ImageNet-Occluded,empty_ellipses,accuracy,0.4043100360704928,0.8
ImageNet-Occluded,empty_ellipses,accuracy,0.4769810267857143,0.9
ImageNet-Occluded,filled_ellipses,accuracy,0.0129675617327495,0.1
ImageNet-Occluded,filled_ellipses,accuracy,0.0422723334358663,0.2
ImageNet-Occluded,filled_ellipses,accuracy,0.090693964793974,0.3
ImageNet-Occluded,filled_ellipses,accuracy,0.1291318709144787,0.4
ImageNet-Occluded,filled_ellipses,accuracy,0.1804008380490906,0.5
ImageNet-Occluded,filled_ellipses,accuracy,0.2386110327681716,0.6
ImageNet-Occluded,filled_ellipses,accuracy,0.3010644042978481,0.7
ImageNet-Occluded,filled_ellipses,accuracy,0.3785602979514064,0.8
ImageNet-Occluded,filled_ellipses,accuracy,0.463275308511695,0.9
ImageNet-Occluded,mud_splash,accuracy,0.0147860662593525,0.1
ImageNet-Occluded,mud_splash,accuracy,0.0390354255024267,0.2
ImageNet-Occluded,mud_splash,accuracy,0.0671835140306122,0.3
ImageNet-Occluded,mud_splash,accuracy,0.1137621986622713,0.4
ImageNet-Occluded,mud_splash,accuracy,0.1569983095538859,0.5
ImageNet-Occluded,mud_splash,accuracy,0.2093209262405123,0.6
ImageNet-Occluded,mud_splash,accuracy,0.2687077339814633,0.7
ImageNet-Occluded,mud_splash,accuracy,0.3386167482453949,0.8
ImageNet-Occluded,mud_splash,accuracy,0.415079298068066,0.9
ImageNet-Occluded,natural,accuracy,0.0030417458857504,0.1
ImageNet-Occluded,natural,accuracy,0.0060669462367588,0.2
ImageNet-Occluded,natural,accuracy,0.0114769595960269,0.3
ImageNet-Occluded,natural,accuracy,0.0256734031955806,0.4
ImageNet-Occluded,natural,accuracy,0.0492060400393544,0.5
ImageNet-Occluded,natural,accuracy,0.0901024619839629,0.6
ImageNet-Occluded,natural,accuracy,0.17564136519724,0.7
ImageNet-Occluded,natural,accuracy,0.2890102309840066,0.8
ImageNet-Occluded,natural,accuracy,0.3868383290816326,0.9
ImageNet-Occluded,natural_silhouette,accuracy,0.0353359946486901,0.1
ImageNet-Occluded,natural_silhouette,accuracy,0.0754641774965792,0.2
ImageNet-Occluded,natural_silhouette,accuracy,0.1547924888377287,0.3
ImageNet-Occluded,natural_silhouette,accuracy,0.2120159678921407,0.4
ImageNet-Occluded,natural_silhouette,accuracy,0.2493938320145315,0.5
ImageNet-Occluded,natural_silhouette,accuracy,0.3102065634970762,0.6
ImageNet-Occluded,natural_silhouette,accuracy,0.3861798923842761,0.7
ImageNet-Occluded,natural_silhouette,accuracy,0.4486780117969123,0.8
ImageNet-Occluded,natural_silhouette,accuracy,0.4755231397492545,0.9
ImageNet-Occluded,coarse_noise,accuracy,0.0158904806083562,0.1
ImageNet-Occluded,coarse_noise,accuracy,0.049716695382887,0.2
ImageNet-Occluded,coarse_noise,accuracy,0.0920273844076662,0.3
ImageNet-Occluded,coarse_noise,accuracy,0.14048925133384,0.4
ImageNet-Occluded,coarse_noise,accuracy,0.1969723178415882,0.5
ImageNet-Occluded,coarse_noise,accuracy,0.2464780576375066,0.6
ImageNet-Occluded,coarse_noise,accuracy,0.30131860411897,0.7
ImageNet-Occluded,coarse_noise,accuracy,0.3607870109227238,0.8
ImageNet-Occluded,coarse_noise,accuracy,0.4506409137832875,0.9
ImageNet-Occluded,fine_oriented_noise,accuracy,0.004711716644922,0.1
ImageNet-Occluded,fine_oriented_noise,accuracy,0.0186400474144183,0.2
ImageNet-Occluded,fine_oriented_noise,accuracy,0.0497200796950836,0.3
ImageNet-Occluded,fine_oriented_noise,accuracy,0.1203879326277849,0.4
ImageNet-Occluded,fine_oriented_noise,accuracy,0.194027588987837,0.5
ImageNet-Occluded,fine_oriented_noise,accuracy,0.2667391914494184,0.6
ImageNet-Occluded,fine_oriented_noise,accuracy,0.3345055592303373,0.7
ImageNet-Occluded,fine_oriented_noise,accuracy,0.3884274521652533,0.8
ImageNet-Occluded,fine_oriented_noise,accuracy,0.4537052220227767,0.9
ImageNet-Occluded,fine_noise,accuracy,0.0040739615428812,0.1
ImageNet-Occluded,fine_noise,accuracy,0.017810514538872,0.2
ImageNet-Occluded,fine_noise,accuracy,0.0596395029249239,0.3
ImageNet-Occluded,fine_noise,accuracy,0.1135978713935735,0.4
ImageNet-Occluded,fine_noise,accuracy,0.157710143498012,0.5
ImageNet-Occluded,fine_noise,accuracy,0.1931924156996668,0.6
ImageNet-Occluded,fine_noise,accuracy,0.2277669395719255,0.7
ImageNet-Occluded,fine_noise,accuracy,0.2776118626399916,0.8
ImageNet-Occluded,fine_noise,accuracy,0.3489080703988367,0.9
ImageNet-Occluded,pink_noise,accuracy,0.0032286352040816,0.1
ImageNet-Occluded,pink_noise,accuracy,0.0085747226388478,0.2
ImageNet-Occluded,pink_noise,accuracy,0.0230467998023544,0.3
ImageNet-Occluded,pink_noise,accuracy,0.0418380132439185,0.4
ImageNet-Occluded,pink_noise,accuracy,0.074363147421759,0.5
ImageNet-Occluded,pink_noise,accuracy,0.1246893953303901,0.6
ImageNet-Occluded,pink_noise,accuracy,0.1911347529717854,0.7
ImageNet-Occluded,pink_noise,accuracy,0.2792434783614411,0.8
ImageNet-Occluded,pink_noise,accuracy,0.3733074671151686,0.9
ImageNet-Occluded,patch_drop,accuracy,0.0076620860633497,0.1
ImageNet-Occluded,patch_drop,accuracy,0.0195342582859555,0.2
ImageNet-Occluded,patch_drop,accuracy,0.0365806700167607,0.3
ImageNet-Occluded,patch_drop,accuracy,0.0656820068858107,0.4
ImageNet-Occluded,patch_drop,accuracy,0.1042582938561634,0.5
ImageNet-Occluded,patch_drop,accuracy,0.1501920785830945,0.6
ImageNet-Occluded,patch_drop,accuracy,0.221211524034033,0.7
ImageNet-Occluded,patch_drop,accuracy,0.3122194780378926,0.8
ImageNet-Occluded,patch_drop,accuracy,0.4273643566637623,0.9
ImageNet-Occluded,polkadot,accuracy,0.0050828630408766,0.1
ImageNet-Occluded,polkadot,accuracy,0.0061308721612606,0.2
ImageNet-Occluded,polkadot,accuracy,0.0036355049102282,0.3
ImageNet-Occluded,polkadot,accuracy,0.0160972997736261,0.4
ImageNet-Occluded,polkadot,accuracy,0.0311890823804602,0.5
ImageNet-Occluded,polkadot,accuracy,0.0523323938250541,0.6
ImageNet-Occluded,polkadot,accuracy,0.1253628736856032,0.7
ImageNet-Occluded,polkadot,accuracy,0.2210156099528682,0.8
ImageNet-Occluded,polkadot,accuracy,0.3612442691715396,0.9
ImageNet-Occluded,polkasquare,accuracy,0.0020170509245018,0.1
ImageNet-Occluded,polkasquare,accuracy,0.0094798385184638,0.2
ImageNet-Occluded,polkasquare,accuracy,0.0384266251051912,0.3
ImageNet-Occluded,polkasquare,accuracy,0.0708404530067833,0.4
ImageNet-Occluded,polkasquare,accuracy,0.1073391474023157,0.5
ImageNet-Occluded,polkasquare,accuracy,0.12674743393246,0.6
ImageNet-Occluded,polkasquare,accuracy,0.15412615513315,0.7
ImageNet-Occluded,polkasquare,accuracy,0.2183592997643412,0.8
ImageNet-Occluded,polkasquare,accuracy,0.3459268656312202,0.9
ImageNet-Occluded,empty_rectangles,accuracy,0.0031613249673831,0.1
ImageNet-Occluded,empty_rectangles,accuracy,0.0110343665796883,0.2
ImageNet-Occluded,empty_rectangles,accuracy,0.0359970639098663,0.3
ImageNet-Occluded,empty_rectangles,accuracy,0.0818375920762821,0.4
ImageNet-Occluded,empty_rectangles,accuracy,0.1496795431083562,0.5
ImageNet-Occluded,empty_rectangles,accuracy,0.225949187363897,0.6
ImageNet-Occluded,empty_rectangles,accuracy,0.3015603940097653,0.7
ImageNet-Occluded,empty_rectangles,accuracy,0.3793037187079994,0.8
ImageNet-Occluded,empty_rectangles,accuracy,0.4743698409625462,0.9
ImageNet-Occluded,filled_rectangles,accuracy,0.0087740211082356,0.1
ImageNet-Occluded,filled_rectangles,accuracy,0.0302847185533265,0.2
ImageNet-Occluded,filled_rectangles,accuracy,0.067406878787644,0.3
ImageNet-Occluded,filled_rectangles,accuracy,0.125020681899421,0.4
ImageNet-Occluded,filled_rectangles,accuracy,0.2014283306744634,0.5
ImageNet-Occluded,filled_rectangles,accuracy,0.2711147325379507,0.6
ImageNet-Occluded,filled_rectangles,accuracy,0.3381173738411495,0.7
ImageNet-Occluded,filled_rectangles,accuracy,0.4117378525587977,0.8
ImageNet-Occluded,filled_rectangles,accuracy,0.4921619296073913,0.9
ImageNet-Occluded,straight_lines,accuracy,0.0053220212041419,0.1
ImageNet-Occluded,straight_lines,accuracy,0.0288854928649201,0.2
ImageNet-Occluded,straight_lines,accuracy,0.0756036864251506,0.3
ImageNet-Occluded,straight_lines,accuracy,0.1401763905067833,0.4
ImageNet-Occluded,straight_lines,accuracy,0.2067841951336179,0.5
ImageNet-Occluded,straight_lines,accuracy,0.2900104838974622,0.6
ImageNet-Occluded,straight_lines,accuracy,0.3643348995520144,0.7
ImageNet-Occluded,straight_lines,accuracy,0.4310378414027545,0.8
ImageNet-Occluded,straight_lines,accuracy,0.4926755939211164,0.9
ImageNet-Occluded,empty_triangles,accuracy,0.0058958503816808,0.1
ImageNet-Occluded,empty_triangles,accuracy,0.0276912062295845,0.2
ImageNet-Occluded,empty_triangles,accuracy,0.0702880578381674,0.3
ImageNet-Occluded,empty_triangles,accuracy,0.1324861019241566,0.4
ImageNet-Occluded,empty_triangles,accuracy,0.1977789125272206,0.5
ImageNet-Occluded,empty_triangles,accuracy,0.2735800171385006,0.6
ImageNet-Occluded,empty_triangles,accuracy,0.3598480516550492,0.7
ImageNet-Occluded,empty_triangles,accuracy,0.4171873495286824,0.8
ImageNet-Occluded,empty_triangles,accuracy,0.4862653272492545,0.9
ImageNet-Occluded,filled_triangles,accuracy,0.0083754241694601,0.1
ImageNet-Occluded,filled_triangles,accuracy,0.0307713076472282,0.2
ImageNet-Occluded,filled_triangles,accuracy,0.0736971897434215,0.3
ImageNet-Occluded,filled_triangles,accuracy,0.1208105958542045,0.4
ImageNet-Occluded,filled_triangles,accuracy,0.1890973959650312,0.5
ImageNet-Occluded,filled_triangles,accuracy,0.2599340884052977,0.6
ImageNet-Occluded,filled_triangles,accuracy,0.3197014435213439,0.7
ImageNet-Occluded,filled_triangles,accuracy,0.3976482031296711,0.8
ImageNet-Occluded,filled_triangles,accuracy,0.4882989239935972,0.9
